<?xml version="1.0" encoding="utf-8"?>
<openerp>
    <data>
        <record id="point_two_five" model="coin.master">
            <field name="value">0.25</field>
        </record>
        <record id="point_five" model="coin.master">
            <field name="value">0.50</field>
        </record>
        <record id="one" model="coin.master">
            <field name="value">1.00</field>
        </record>
        <record id="five" model="coin.master">
            <field name="value">5.00</field>
        </record>
        <record id="ten" model="coin.master">
            <field name="value">10.00</field>
        </record>
        <record id="twenty" model="coin.master">
            <field name="value">20.00</field>
        </record>
        <record id="fifty" model="coin.master">
            <field name="value">50.00</field>
        </record>
        <record id="hundred" model="coin.master">
            <field name="value">100.00</field>
        </record>
        <record id="two_hundrerd" model="coin.master">
            <field name="value">200.00</field>
        </record>
        <record id="five_hundred" model="coin.master">
            <field name="value">500.00</field>
        </record>
        <record id="thousand" model="coin.master">
            <field name="value">1000.00</field>
        </record>
    </data>
</openerp>