<?xml version="1.0" encoding="UTF-8"?>
    <templates id="template" inherit_id="point_of_sale.template">
    <t t-extend='ActionpadWidget'>
        <t t-jquery="button.pay" t-operation="replace">
            <button class='button create-draft-order' name="create_draft_order" style="height: 162px;">
                <h1>
                Draft Order
                </h1>
            </button>
        </t>
    </t>

        <t t-name="PosDraftOrder">
        <div class="pos-sale-ticket">
            
            <div class="pos-center-align"><t t-esc="moment().format('L LT')"/> <t t-esc="order.name"/></div>
            <br />
            <t t-esc="widget.pos.company.name"/><br />
            Salesman: <t t-esc="widget.pos.cashier ? widget.pos.cashier.name : widget.pos.user.name"/><br />
            Shop: <t t-esc="widget.pos.shop.name"/><br />
            <br />
            <t t-if="receipt.header">
                <div style='text-align:center'>
                    <t t-esc="receipt.header" />
                </div>
                <br />
            </t>
            <table class='receipt-orderlines'>
                <colgroup>
                    <col width='50%' />
                    <col width='25%' />
                    <col width='25%' />
                </colgroup>
                <tr t-foreach="orderlines" t-as="orderline">
                    <td>
                        <t t-esc="orderline.get_product().display_name"/>
                         <t t-if="orderline.get_discount() > 0">
                            <div class="pos-disc-font">
                                With a <t t-esc="orderline.get_discount()"/>% discount
                            </div>
                        </t>
                    </td>
                    <td class="pos-right-align">
                        <t t-esc="orderline.get_quantity_str_with_unit()"/>
                    </td>
                    <td class="pos-right-align">
                        <t t-esc="widget.format_currency(orderline.get_display_price())"/>
                    </td>
                </tr>
            </table>
            <br />
            <table class='receipt-total'>
                <tr>
                    <td>Subtotal:</td>
                    <td class="pos-right-align">
                        <t t-esc="widget.format_currency(order.get_total_without_tax())"/>
                    </td>
                </tr>
                <t t-foreach="order.get_tax_details()" t-as="taxdetail">
                    <tr>
                        <td><t t-esc="taxdetail.name" /></td>
                        <td class="pos-right-align">
                            <t t-esc="widget.format_currency(taxdetail.amount)" />
                        </td>
                    </tr>
                </t>
                <tr>
                    <td>Discount:</td>
                    <td class="pos-right-align">
                        <t t-esc="widget.format_currency(order.get_total_discount())"/>
                    </td>
                </tr>
                <tr class="emph">
                    <td>Total:</td>
                    <td class="pos-right-align">
                        <t t-esc="widget.format_currency(order.get_total_with_tax())"/>
                    </td>
                </tr>
            </table>
            <br/>
            <table>
                <tbody>
                    <tr id="barcode1">
                        <td align='center'>
                            <div t-att-class='class_val' style='text-align:center;'>
                            </div>
                        </td>
                    </tr>
                </tbody>
            </table>
            <t t-if="receipt.footer">
                <br />
                <div style='text-align:center'>
                    <t t-esc="receipt.footer" />
                </div>
            </t>
        </div>
    </t>

    </templates>