id,name,model_id:id,group_id:id,perm_read,perm_write,perm_create,perm_unlink
access_pos_central_payment,pos.central.payment,sqaj_pos.model_pos_central_payment,,1,1,1,1
access_opening_coin_info,access_opening_coin_info,model_opening_coin_info,,1,1,1,1
access_coin_master,access_coin_master,model_coin_master,,1,1,1,1
access_closing_coin_info,access_closing_coin_info,model_closing_coin_info,,1,1,1,1
access_payment_custom_line,access_payment_custom_line,model_payment_custom_line,,1,1,1,1
access_payment_pos_session,access_payment_pos_session,model_payment_pos_session,,1,1,1,1
access_enter_amount,access_enter_amount,model_enter_amount,,1,1,1,1
access_exit_session,access_exit_session,model_exit_session,,1,1,1,1