<?xml version="1.0" encoding="utf-8"?>
<openerp>
    <data noupdate="0">
        <record id="group_pos_supervisor_user" model="res.groups">
            <field name="name">POS Supervisor</field>
            <field name="implied_ids" eval="[(4, ref('base.group_user'))]"/>
        </record>
        <record id="group_pos_salesman_user" model="res.groups">
            <field name="name">POS Salesman</field>
            <field name="implied_ids" eval="[(4, ref('base.group_user'))]"/>
        </record>
        <record id="group_pos_cashier_user" model="res.groups">
            <field name="name">POS Cashier</field>
            <field name="implied_ids" eval="[(4, ref('base.group_user'))]"/>
        </record>

        <record id="pos_cashier_user_menu_rest" model="ir.rule">
            <field name="name">Cashier Restriction</field>
            <field ref="model_payment_pos_session" name="model_id"/>
            <field name="domain_force">[('user_id','=',user.id),('state','!=','closed')]</field>
            <field name="groups" eval="[(4, ref('sqaj_pos.group_pos_cashier_user'))]"/>
        </record>
    </data>
</openerp>
